"State_UT","Net_Carbon_Change","Mangrove_Area_Ha","Projected_Canopy_Health","Ecosystem_Change_Index","Absolute_Carbon_Asset_Idx","Mangrove_Health_Index","Human_Pressure_Index","Livelihood_Sensitivity_Idx"
"ANDAMAN AND NICOBAR",10.6594496094776,605.364032258065,0.499767183,0.0991959505754326,0.400616297241299,1,0,0
"ANDHRA PRADESH",36.6993616482378,407.124032258065,0.470068244108733,0.745446242401158,0.246535105187825,0.894675653877762,0.0190222577862974,0.140376240077128
"DADRA AND NAGAR HAVELI AND DAMAN AND DIU",31.3856255470401,2.85064516129032,0.217791172849424,0.613571622357419,0,0,0,0
"GOA",34.6310958964526,26.9058064516129,0.344227413960038,0.694116677859051,0.0103009936164716,0.448393609949644,0.00594605766946366,0.0555103464957896
"GUJARAT",25.106210935217,1107.88241935484,0.220216562579645,0.457731098804767,0.243163480100343,0.00860140452702418,0.00430283927875076,0.423706627858651
"KARNATAKA",42.7456543717301,9.89774193548387,0.363637193240084,0.895501220743807,0.00361255358517494,0.517228470297095,0.226760536616616,0.219168807271024
"KERALA",46.9563124625784,8.09758064516129,0.41931506832,1,0.00347732547785895,0.714684541294707,1,0.138293087734177
"MAHARASHTRA",28.487093788849,260.622096774194,0.288268990706625,0.541636778959755,0.0843831443172104,0.249942602633343,0.0198784305649848,0.145161551432306
"ODISHA",29.6325036316404,239.954516129032,0.398924138,0.570063197761101,0.122843513093107,0.642370125933233,0.0322824016960664,0.962289177102635
"PUDUCHERRY",34.3964262477802,2.44338709677419,0.469517313874411,0.688292720822965,0.000829546361026614,0.89272183435238,0.296096192181927,0.0146702053764937
"TAMIL NADU",27.1785554856099,43.2362,0.352084,0.509161889679228,0.0186458908521926,0.47625621441648,0.255011494001699,0.0485827457182323
"WEST BENGAL",6.66246289974929,2122.14193548387,0.364042972035115,0,1,0.518667524615276,0.00243412427646193,1
